400,프라푸치노,,,
401,더블 에스프레소 칩 프라푸치노,400,,
402,돌체 카라멜 칩 커피 프라푸치노,400,,
403,모카 프라푸치노,400,,
404,바나나 크림 다크 초코 블렌디드,400,,
405,바닐라 크림 프라푸치노,400,,
406,에스프레소 프라푸치노,400,,
407,자바 칩 프라푸치노,400,,
408,제주 까망 크림 프라푸치노,400,,
409,제주 별다방 땅콩 프라푸치노,400,,
410,제주 쑥떡 크림 프라푸치노,400,,
411,제주 유기농 말차로 만든 프라푸치노,400,,
412,초콜릿 크림 칩 프라푸치노,400,,
413,카라멜 프라푸치노,400,,
414,화이트 딸기 크림 프라푸치노,400,,
415,화이트 초콜릿 모카 프라푸치노,400,,
416,화이트 타이거 프라푸치노,400,,