800,기타제조음료,,,
801,샤이닝 머스캣 에이드,800,,
802,스타벅스 슬래머NEW,800,,
803,스타벅스 슬래머,800,,
804,시그니처 핫 초콜릿,800,,
805,아이스 시그니처 초콜릿,800,,
806,플러피 판다 아이스 초콜릿,800,,
807,플러피 판다 핫 초콜릿,800,,
808,라임 플로터 위드 리저브 CB 샷,800,,
809,스팀 우유,800,,
810,아이스 제주 까망 라떼,800,,
811,오렌지 플로터 위드 리저브 CB 샷,800,,
812,우유,800,,
813,제주 까망 라떼,800,,
814,제주 쑥쑥 라떼,800,,
815,제주 청귤 레모네이드,800,,