900,스타벅스 주스(병음료),,,
901,기운내라임 190ML,900,,
902,파이팅 청귤 190ML,900,,
903,한방에 쭉 감당 190ML,900,,
904,도와줘 흑흑 190ML,900,,
905,딸기주스 190ML,900,,
906,망고주스 190ML,900,,
907,수박주스 190ML,900,,
908,케일&사과주스 190ML,900,,
909,토마토주스 190ML,900,,
910,퍼플베리 굿 190ML,900,,
911,한라봉주스 190ML,900,,
912,햇사과 주스 190ML,900,,
913,블루베리 요거트 190ML,900,,
914,치아씨드 요거트 190ML,900,,