<?xml version="1.0" encoding="UTF-8"?>
<!DOCTYPE mapper
  PUBLIC "-//mybatis.org//DTD Mapper 3.0//EN"
  "http://mybatis.org/dtd/mybatis-3-mapper.dtd">
  
 <mapper namespace="com.team.starbucks.dao.ext.BoardDao">
 
 	<select id="selectAll" resultType="BoardDTO">
 	SELECT * FROM tbl_board	
 	</select>
 	
 	<select id="findById">
 	SELECT * FROM tbl_board
 	WHERE board_seq = #{board_seq}
 	</select>
 	<insert id="insert">
 	</insert>

 	<update id="update"></update>
 	<delete id="delete"></delete>
 
 </mapper> 